source,target,value
Vulnerabilities,CWE-119: Improper Restriction of Operations within the Bounds of a Memory Buffer,100
Vulnerabilities,CWE-121: Stack-based Buffer Overflow,20
Vulnerabilities,CWE-200: Information Exposure,20
CWE-119: Improper Restriction of Operations within the Bounds of a Memory Buffer,CVE-2004-0751,100
CWE-119: Improper Restriction of Operations within the Bounds of a Memory Buffer,CVE-2004-0747,100
CWE-119: Improper Restriction of Operations within the Bounds of a Memory Buffer,CVE-2008-6998,100
CWE-119: Improper Restriction of Operations within the Bounds of a Memory Buffer,CVE-2010-0663,100
CWE-119: Improper Restriction of Operations within the Bounds of a Memory Buffer,CVE-2010-3415,100
CWE-121: Stack-based Buffer Overflow,CVE-2008-6998,20
CWE-200: Information Exposure,CVE-2010-0663,20
CVE-2004-0751,Tag: Lesson,12.5
CVE-2004-0751,Tag: Lifetime(1-2 Years),12.5
CVE-2004-0751,Tag: VCC,12.5
CVE-2004-0751,Tag: Fix(Small),12.5
CVE-2004-0751,Tag: Language (C),12.5
CVE-2004-0751,Tag: Discovered Externally,12.5
CVE-2004-0751,Tag: HTTPD Subsystem(modules/ssl/ssl_engine_io.c),12.5
CVE-2004-0751,Tag: Project(HTTPD),12.5
CVE-2004-0747,Tag: Lesson,10
CVE-2004-0747,Tag: Lifetime(2-5 Years),10
CVE-2004-0747,Tag: Fix(Big),10
CVE-2004-0747,Tag: Discovered Externally,10
CVE-2004-0747,Tag: Discovered Manually,10
CVE-2004-0747,Tag: Util,10
CVE-2004-0747,Tag: VCC,10
CVE-2004-0747,Tag: Project(HTTPD),10
CVE-2004-0747,Tag: HTTPD Subsystem(server),10
CVE-2004-0747,Tag: Language (C),10
CVE-2008-6998,Tag: Lesson,14.28
CVE-2008-6998,Tag: Lifetime(30 - 90 Days),14.28
CVE-2008-6998,Tag: Fix(Small),14.28
CVE-2008-6998,Tag: VCC,14.28
CVE-2008-6998,Tag: Project(Chromium),14.28
CVE-2008-6998,Tag: Language (C++),14.28
CVE-2008-6998,Tag: Chromium subsystem(url_elider),14.28
CVE-2010-0663,Tag: Lesson,11.11
CVE-2010-0663,Tag: Lifetime(1-2 Years),11.11
CVE-2010-0663,Tag: Fix(Small),11.11
CVE-2010-0663,Tag: Discovered Externally,11.11
CVE-2010-0663,Tag: Discovered Manually,11.11
CVE-2010-0663,Tag: VCC,11.11
CVE-2010-0663,Tag: Project(Chromium),11.11
CVE-2010-0663,Tag: Chromium subsystem utilities,11.11
CVE-2010-0663,Tag: Language(C++),11.11
CVE-2010-3415,Tag: Lesson,10
CVE-2010-3415,Tag: Lifetime(90 - 180 Days),10
CVE-2010-3415,Tag: Fix(Small),10
CVE-2010-3415,Tag: Discovered Externally,10
CVE-2010-3415,Tag: Discovered Manually,10
CVE-2010-3415,Tag: VCC,10
CVE-2010-3415,Tag: Bounty Awarrded ,10
CVE-2010-3415,Tag: Project(Chromium),10
CVE-2010-3415,Tag: Chromium Subsystem(Geolocation),10
CVE-2010-3415,Tag: Language(C++),10
